ds,y,crop
2023-04-12 16:48:55.885218,1739.67,wheat
2023-04-13 16:48:55.885218,2741.98,wheat
2023-04-14 16:48:55.885218,3000.28,wheat
2023-04-15 16:48:55.885218,3239.55,wheat
2023-04-16 16:48:55.885218,3460.0,wheat
2023-04-17 16:48:55.885218,3691.44,wheat
2023-04-18 16:48:55.885218,3899.53,wheat
2023-04-19 16:48:55.885218,4105.09,wheat
2023-04-20 16:48:55.885218,4300.27,wheat
2023-04-21 16:48:55.885218,4499.28,wheat
2023-04-22 16:48:55.885218,4691.09,wheat
2023-04-23 16:48:55.885218,4860.74,wheat
2023-04-24 16:48:55.885218,5034.2,wheat
2023-04-25 16:48:55.885218,5217.0,wheat
2023-04-26 16:48:55.885218,5391.95,wheat
2023-04-27 16:48:55.885218,5554.44,wheat
2023-04-28 16:48:55.885218,5707.2,wheat
2023-04-29 16:48:55.885218,5869.84,wheat
2023-04-30 16:48:55.885218,6042.31,wheat
2023-05-01 16:48:55.885218,6198.15,wheat
2023-05-02 16:48:55.885218,6325.82,wheat
2023-05-03 16:48:55.885218,6426.02,wheat
2023-05-04 16:48:55.885218,6506.9,wheat
2023-05-05 16:48:55.885218,6598.85,wheat
2023-05-06 16:48:55.885218,6708.9,wheat
2023-05-07 16:48:55.885218,6814.82,wheat
2023-05-08 16:48:55.885218,6905.05,wheat
2023-05-09 16:48:55.885218,6952.24,wheat
2023-05-10 16:48:55.885218,6988.16,wheat
2023-05-11 16:48:55.885218,7027.83,wheat
2023-05-12 16:48:55.885218,7086.31,wheat
2023-05-13 16:48:55.885218,7161.81,wheat
2023-05-14 16:48:55.885218,7252.89,wheat
2023-05-15 16:48:55.885218,7365.31,wheat
2023-05-16 16:48:55.885218,7489.33,wheat
2023-05-17 16:48:55.885218,7592.88,wheat
2023-05-18 16:48:55.885218,7670.95,wheat
2023-05-19 16:48:55.885218,7757.97,wheat
2023-05-20 16:48:55.885218,7828.55,wheat
2023-05-21 16:48:55.885218,7893.33,wheat
2023-05-22 16:48:55.885218,7934.97,wheat
2023-05-23 16:48:55.885218,7972.39,wheat
2023-05-24 16:48:55.885218,8012.93,wheat
2023-05-25 16:48:55.885218,8031.94,wheat
2023-05-26 16:48:55.885218,8057.78,wheat
2023-05-27 16:48:55.885218,8076.96,wheat
2023-05-28 16:48:55.885218,8120.04,wheat
2023-05-29 16:48:55.885218,8154.43,wheat
2023-05-30 16:48:55.885218,8207.86,wheat
2023-05-31 16:48:55.885218,8225.05,wheat
2023-06-01 16:48:55.885218,8214.29,wheat
2023-06-02 16:48:55.885218,8154.75,wheat
2023-06-03 16:48:55.885218,8086.43,wheat
2023-06-04 16:48:55.885218,8041.1,wheat
2023-06-05 16:48:55.885218,8006.88,wheat
2023-06-06 16:48:55.885218,7977.81,wheat
2023-06-07 16:48:55.885218,7938.06,wheat
2023-06-08 16:48:55.885218,7900.11,wheat
2023-06-09 16:48:55.885218,7865.17,wheat
2023-06-10 16:48:55.885218,7823.33,wheat
2023-06-11 16:48:55.885218,7778.08,wheat
2023-06-12 16:48:55.885218,7730.14,wheat
2023-06-13 16:48:55.885218,7681.32,wheat
2023-06-14 16:48:55.885218,7631.74,wheat
2023-06-15 16:48:55.885218,7576.31,wheat
2023-06-16 16:48:55.885218,7529.31,wheat
2023-06-17 16:48:55.885218,7467.69,wheat
2023-06-18 16:48:55.885218,7413.77,wheat
2023-06-19 16:48:55.885218,7351.62,wheat
2023-06-20 16:48:55.885218,7298.12,wheat
2023-06-21 16:48:55.885218,7257.82,wheat
2023-06-22 16:48:55.885218,7238.56,wheat
2023-06-23 16:48:55.885218,7203.06,wheat
2023-06-24 16:48:55.885218,7177.96,wheat
2023-06-25 16:48:55.885218,7171.82,wheat
2023-06-26 16:48:55.885218,7175.08,wheat
2023-06-27 16:48:55.885218,7172.23,wheat
2023-06-28 16:48:55.885218,7143.73,wheat
2023-06-29 16:48:55.885218,7124.92,wheat
2023-06-30 16:48:55.885218,7051.21,wheat
2023-07-01 16:48:55.885218,6939.34,wheat
2023-07-02 16:48:55.885218,6813.26,wheat
2023-07-03 16:48:55.885218,6698.09,wheat
2023-07-04 16:48:55.885218,6573.03,wheat
2023-07-05 16:48:55.885218,6409.11,wheat
2023-07-06 16:48:55.885218,6228.31,wheat
2023-07-07 16:48:55.885218,6084.33,wheat
2023-07-08 16:48:55.885218,5969.47,wheat
2023-07-09 16:48:55.885218,5872.1,wheat
2023-07-10 16:48:55.885218,5747.75,wheat
2023-07-11 16:48:55.885218,5604.65,wheat
2023-07-12 16:48:55.885218,5473.54,wheat
2023-07-13 16:48:55.885218,5374.42,wheat
2023-07-14 16:48:55.885218,5315.27,wheat
2023-07-15 16:48:55.885218,5251.9,wheat
2023-07-16 16:48:55.885218,5161.06,wheat
2023-07-17 16:48:55.885218,5054.88,wheat
2023-07-18 16:48:55.885218,4971.62,wheat
2023-07-19 16:48:55.885218,4901.65,wheat
2023-07-20 16:48:55.885218,4841.84,wheat
2023-07-21 16:48:55.885218,4763.06,wheat
2023-07-22 16:48:55.885218,4692.08,wheat
2023-07-23 16:48:55.885218,4611.76,wheat
2023-07-24 16:48:55.885218,4511.47,wheat
2023-07-25 16:48:55.885218,4407.7,wheat
2023-07-26 16:48:55.885218,4319.27,wheat
2023-07-27 16:48:55.885218,4257.23,wheat
2023-07-28 16:48:55.885218,4220.34,wheat
2023-07-29 16:48:55.885218,4156.22,wheat
2023-07-30 16:48:55.885218,4103.87,wheat
2023-07-31 16:48:55.885218,3995.65,wheat
2023-08-01 16:48:55.885218,3870.16,wheat
2023-08-02 16:48:55.885218,3693.39,wheat
2023-08-03 16:48:55.885218,3518.3,wheat
2023-08-04 16:48:55.885218,3357.87,wheat
2023-08-05 16:48:55.885218,3224.94,wheat
2023-08-06 16:48:55.885218,3092.07,wheat
2023-08-07 16:48:55.885218,2965.61,wheat
2023-08-08 16:48:55.885218,2820.48,wheat
2023-08-09 16:48:55.885218,2684.2,wheat
2023-08-10 16:48:55.885218,2519.31,wheat
2023-08-11 16:48:55.885218,2363.81,wheat
2023-08-12 16:48:55.885218,2211.18,wheat
2023-08-13 16:48:55.885218,2078.64,wheat
2023-08-14 16:48:55.885218,1927.47,wheat
2023-08-15 16:48:55.885218,1791.94,wheat
2023-08-16 16:48:55.885218,1666.08,wheat
2023-08-17 16:48:55.885218,1578.37,wheat
2023-08-18 16:48:55.885218,1474.08,wheat
2023-08-19 16:48:55.885218,1368.26,wheat
2023-08-20 16:48:55.885218,1238.54,wheat
2023-08-21 16:48:55.885218,1150.62,wheat
2023-08-22 16:48:55.885218,1100.0,wheat
2023-08-23 16:48:55.885218,1100.0,wheat
2023-08-24 16:48:55.885218,1100.0,wheat
2023-08-25 16:48:55.885218,1100.0,wheat
2023-08-26 16:48:55.885218,1100.0,wheat
2023-08-27 16:48:55.885218,1100.0,wheat
2023-08-28 16:48:55.885218,1100.0,wheat
2023-08-29 16:48:55.885218,1100.0,wheat
2023-08-30 16:48:55.885218,1100.0,wheat
2023-08-31 16:48:55.885218,1100.0,wheat
2023-09-01 16:48:55.885218,1100.0,wheat
2023-09-02 16:48:55.885218,1100.0,wheat
2023-09-03 16:48:55.885218,1100.0,wheat
2023-09-04 16:48:55.885218,1100.0,wheat
2023-09-05 16:48:55.885218,1100.0,wheat
2023-09-06 16:48:55.885218,1100.0,wheat
2023-09-07 16:48:55.885218,1100.0,wheat
2023-09-08 16:48:55.885218,1100.0,wheat
2023-09-09 16:48:55.885218,1100.0,wheat
2023-09-10 16:48:55.885218,1100.0,wheat
2023-09-11 16:48:55.885218,1100.0,wheat
2023-09-12 16:48:55.885218,1100.0,wheat
2023-09-13 16:48:55.885218,1100.0,wheat
2023-09-14 16:48:55.885218,1100.0,wheat
2023-09-15 16:48:55.885218,1100.0,wheat
2023-09-16 16:48:55.885218,1100.0,wheat
2023-09-17 16:48:55.885218,1100.0,wheat
2023-09-18 16:48:55.885218,1100.0,wheat
2023-09-19 16:48:55.885218,1100.0,wheat
2023-09-20 16:48:55.885218,1100.0,wheat
2023-09-21 16:48:55.885218,1100.0,wheat
2023-09-22 16:48:55.885218,1100.0,wheat
2023-09-23 16:48:55.885218,1100.0,wheat
2023-09-24 16:48:55.885218,1100.0,wheat
2023-09-25 16:48:55.885218,1100.0,wheat
2023-09-26 16:48:55.885218,1100.0,wheat
2023-09-27 16:48:55.885218,1100.0,wheat
2023-09-28 16:48:55.885218,1100.0,wheat
2023-09-29 16:48:55.885218,1100.0,wheat
2023-09-30 16:48:55.885218,1100.0,wheat
2023-10-01 16:48:55.885218,1100.0,wheat
2023-10-02 16:48:55.885218,1100.0,wheat
2023-10-03 16:48:55.885218,1100.0,wheat
2023-10-04 16:48:55.885218,1100.0,wheat
2023-10-05 16:48:55.885218,1100.0,wheat
2023-10-06 16:48:55.885218,1100.0,wheat
2023-10-07 16:48:55.885218,1100.0,wheat
2023-10-08 16:48:55.885218,1100.0,wheat
2023-10-09 16:48:55.885218,1100.0,wheat
2023-10-10 16:48:55.885218,1100.0,wheat
2023-10-11 16:48:55.885218,1100.0,wheat
2023-10-12 16:48:55.885218,1100.0,wheat
2023-10-13 16:48:55.885218,1100.0,wheat
2023-10-14 16:48:55.885218,1100.0,wheat
2023-10-15 16:48:55.885218,1100.0,wheat
2023-10-16 16:48:55.885218,1100.0,wheat
2023-10-17 16:48:55.885218,1100.0,wheat
2023-10-18 16:48:55.885218,1100.0,wheat
2023-10-19 16:48:55.885218,1100.0,wheat
2023-10-20 16:48:55.885218,1100.0,wheat
2023-10-21 16:48:55.885218,1100.0,wheat
2023-10-22 16:48:55.885218,1100.0,wheat
2023-10-23 16:48:55.885218,1100.0,wheat
2023-10-24 16:48:55.885218,1100.0,wheat
2023-10-25 16:48:55.885218,1100.0,wheat
2023-10-26 16:48:55.885218,1100.0,wheat
2023-10-27 16:48:55.885218,1100.0,wheat
2023-10-28 16:48:55.885218,1100.0,wheat
2023-10-29 16:48:55.885218,1100.0,wheat
2023-10-30 16:48:55.885218,1100.0,wheat
2023-10-31 16:48:55.885218,1100.0,wheat
2023-11-01 16:48:55.885218,1100.0,wheat
2023-11-02 16:48:55.885218,1100.0,wheat
2023-11-03 16:48:55.885218,1100.0,wheat
2023-11-04 16:48:55.885218,1100.0,wheat
2023-11-05 16:48:55.885218,1100.0,wheat
2023-11-06 16:48:55.885218,1100.0,wheat
2023-11-07 16:48:55.885218,1100.0,wheat
2023-11-08 16:48:55.885218,1100.0,wheat
2023-11-09 16:48:55.885218,1100.0,wheat
2023-11-10 16:48:55.885218,1100.0,wheat
2023-11-11 16:48:55.885218,1100.0,wheat
2023-11-12 16:48:55.885218,1100.0,wheat
2023-11-13 16:48:55.885218,1100.0,wheat
2023-11-14 16:48:55.885218,1100.0,wheat
2023-11-15 16:48:55.885218,1100.0,wheat
2023-11-16 16:48:55.885218,1100.0,wheat
2023-11-17 16:48:55.885218,1100.0,wheat
2023-11-18 16:48:55.885218,1100.0,wheat
2023-11-19 16:48:55.885218,1100.0,wheat
2023-11-20 16:48:55.885218,1100.0,wheat
2023-11-21 16:48:55.885218,1100.0,wheat
2023-11-22 16:48:55.885218,1100.0,wheat
2023-11-23 16:48:55.885218,1100.0,wheat
2023-11-24 16:48:55.885218,1100.0,wheat
2023-11-25 16:48:55.885218,1100.0,wheat
2023-11-26 16:48:55.885218,1100.0,wheat
2023-11-27 16:48:55.885218,1100.0,wheat
2023-11-28 16:48:55.885218,1100.0,wheat
2023-11-29 16:48:55.885218,1100.0,wheat
2023-11-30 16:48:55.885218,1100.0,wheat
2023-12-01 16:48:55.885218,1100.0,wheat
2023-12-02 16:48:55.885218,1100.0,wheat
2023-12-03 16:48:55.885218,1100.0,wheat
2023-12-04 16:48:55.885218,1100.0,wheat
2023-12-05 16:48:55.885218,1100.0,wheat
2023-12-06 16:48:55.885218,1100.0,wheat
2023-12-07 16:48:55.885218,1100.0,wheat
2023-12-08 16:48:55.885218,1100.0,wheat
2023-12-09 16:48:55.885218,1100.0,wheat
2023-12-10 16:48:55.885218,1100.0,wheat
2023-12-11 16:48:55.885218,1100.0,wheat
2023-12-12 16:48:55.885218,1100.0,wheat
2023-12-13 16:48:55.885218,1100.0,wheat
2023-12-14 16:48:55.885218,1100.0,wheat
2023-12-15 16:48:55.885218,1100.0,wheat
2023-12-16 16:48:55.885218,1100.0,wheat
2023-12-17 16:48:55.885218,1100.0,wheat
2023-12-18 16:48:55.885218,1100.0,wheat
2023-12-19 16:48:55.885218,1100.0,wheat
2023-12-20 16:48:55.885218,1100.0,wheat
2023-12-21 16:48:55.885218,1100.0,wheat
2023-12-22 16:48:55.885218,1100.0,wheat
2023-12-23 16:48:55.885218,1100.0,wheat
2023-12-24 16:48:55.885218,1100.0,wheat
2023-12-25 16:48:55.885218,1100.0,wheat
2023-12-26 16:48:55.885218,1100.0,wheat
2023-12-27 16:48:55.885218,1100.0,wheat
2023-12-28 16:48:55.885218,1100.0,wheat
2023-12-29 16:48:55.885218,1100.0,wheat
2023-12-30 16:48:55.885218,1100.0,wheat
2023-12-31 16:48:55.885218,1123.71,wheat
2024-01-01 16:48:55.885218,1143.15,wheat
2024-01-02 16:48:55.885218,1188.63,wheat
2024-01-03 16:48:55.885218,1206.8,wheat
2024-01-04 16:48:55.885218,1257.13,wheat
2024-01-05 16:48:55.885218,1288.16,wheat
2024-01-06 16:48:55.885218,1315.69,wheat
2024-01-07 16:48:55.885218,1336.13,wheat
2024-01-08 16:48:55.885218,1362.16,wheat
2024-01-09 16:48:55.885218,1397.19,wheat
2024-01-10 16:48:55.885218,1421.92,wheat
2024-01-11 16:48:55.885218,1424.42,wheat
2024-01-12 16:48:55.885218,1456.81,wheat
2024-01-13 16:48:55.885218,1442.75,wheat
2024-01-14 16:48:55.885218,1449.74,wheat
2024-01-15 16:48:55.885218,1433.61,wheat
2024-01-16 16:48:55.885218,1463.54,wheat
2024-01-17 16:48:55.885218,1490.4,wheat
2024-01-18 16:48:55.885218,1524.51,wheat
2024-01-19 16:48:55.885218,1560.74,wheat
2024-01-20 16:48:55.885218,1598.3,wheat
2024-01-21 16:48:55.885218,1610.36,wheat
2024-01-22 16:48:55.885218,1614.3,wheat
2024-01-23 16:48:55.885218,1605.35,wheat
2024-01-24 16:48:55.885218,1593.1,wheat
2024-01-25 16:48:55.885218,1569.51,wheat
2024-01-26 16:48:55.885218,1556.59,wheat
2024-01-27 16:48:55.885218,1567.8,wheat
2024-01-28 16:48:55.885218,1591.21,wheat
2024-01-29 16:48:55.885218,1613.84,wheat
2024-01-30 16:48:55.885218,1639.09,wheat
2024-01-31 16:48:55.885218,1722.48,wheat
2024-02-01 16:48:55.885218,1840.24,wheat
2024-02-02 16:48:55.885218,1979.23,wheat
2024-02-03 16:48:55.885218,2122.72,wheat
2024-02-04 16:48:55.885218,2262.97,wheat
2024-02-05 16:48:55.885218,2411.12,wheat
2024-02-06 16:48:55.885218,2530.12,wheat
2024-02-07 16:48:55.885218,2635.48,wheat
2024-02-08 16:48:55.885218,2736.45,wheat
2024-02-09 16:48:55.885218,2840.49,wheat
2024-02-10 16:48:55.885218,2960.75,wheat
2024-02-11 16:48:55.885218,3078.2,wheat
2024-02-12 16:48:55.885218,3203.32,wheat
2024-02-13 16:48:55.885218,3332.4,wheat
2024-02-14 16:48:55.885218,3457.42,wheat
2024-02-15 16:48:55.885218,3567.6,wheat
2024-02-16 16:48:55.885218,3657.69,wheat
2024-02-17 16:48:55.885218,3747.56,wheat
2024-02-18 16:48:55.885218,3833.1,wheat
2024-02-19 16:48:55.885218,3949.73,wheat
2024-02-20 16:48:55.885218,4062.89,wheat
2024-02-21 16:48:55.885218,4181.14,wheat
2024-02-22 16:48:55.885218,4264.58,wheat
2024-02-23 16:48:55.885218,4334.48,wheat
2024-02-24 16:48:55.885218,4397.77,wheat
2024-02-25 16:48:55.885218,4477.24,wheat
2024-02-26 16:48:55.885218,4577.69,wheat
2024-02-27 16:48:55.885218,4669.79,wheat
2024-02-28 16:48:55.885218,4722.78,wheat
2024-02-29 16:48:55.885218,4784.62,wheat
2024-03-01 16:48:55.885218,4880.97,wheat
2024-03-02 16:48:55.885218,5037.5,wheat
2024-03-03 16:48:55.885218,5180.56,wheat
2024-03-04 16:48:55.885218,5327.06,wheat
2024-03-05 16:48:55.885218,5441.32,wheat
2024-03-06 16:48:55.885218,5559.74,wheat
2024-03-07 16:48:55.885218,5660.22,wheat
2024-03-08 16:48:55.885218,5781.22,wheat
2024-03-09 16:48:55.885218,5889.27,wheat
2024-03-10 16:48:55.885218,6008.31,wheat
2024-03-11 16:48:55.885218,6119.65,wheat
2024-03-12 16:48:55.885218,6225.31,wheat
2024-03-13 16:48:55.885218,6302.95,wheat
2024-03-14 16:48:55.885218,6376.38,wheat
2024-03-15 16:48:55.885218,6459.33,wheat
2024-03-16 16:48:55.885218,6552.66,wheat
2024-03-17 16:48:55.885218,6655.78,wheat
2024-03-18 16:48:55.885218,6775.23,wheat
2024-03-19 16:48:55.885218,6894.34,wheat
2024-03-20 16:48:55.885218,7006.56,wheat
2024-03-21 16:48:55.885218,7119.54,wheat
2024-03-22 16:48:55.885218,7223.68,wheat
2024-03-23 16:48:55.885218,7325.23,wheat
2024-03-24 16:48:55.885218,7415.4,wheat
2024-03-25 16:48:55.885218,7508.07,wheat
2024-03-26 16:48:55.885218,7591.65,wheat
2024-03-27 16:48:55.885218,7675.22,wheat
2024-03-28 16:48:55.885218,7746.74,wheat
2024-03-29 16:48:55.885218,7809.26,wheat
2024-03-30 16:48:55.885218,7874.2,wheat
2024-03-31 16:48:55.885218,7939.3,wheat
2024-04-01 16:48:55.885218,8017.03,wheat
2024-04-02 16:48:55.885218,8089.26,wheat
2024-04-03 16:48:55.885218,8173.96,wheat
2024-04-04 16:48:55.885218,8267.68,wheat
2024-04-05 16:48:55.885218,8348.25,wheat
2024-04-06 16:48:55.885218,8431.5,wheat
2024-04-07 16:48:55.885218,8518.09,wheat
2024-04-08 16:48:55.885218,8618.68,wheat
2024-04-09 16:48:55.885218,8717.42,wheat
2024-04-10 16:48:55.885218,8804.1,wheat
2024-04-11 16:48:55.885218,8882.02,wheat
2024-04-12 16:48:55.885218,8953.98,wheat
2024-04-13 16:48:55.885218,9006.44,wheat
2024-04-14 16:48:55.885218,9044.02,wheat
2024-04-15 16:48:55.885218,9086.58,wheat
2024-04-16 16:48:55.885218,9129.84,wheat
2024-04-17 16:48:55.885218,9175.84,wheat
2024-04-18 16:48:55.885218,9238.12,wheat
2024-04-19 16:48:55.885218,9301.23,wheat
2024-04-20 16:48:55.885218,9368.85,wheat
2024-04-21 16:48:55.885218,9398.48,wheat
2024-04-22 16:48:55.885218,9421.18,wheat
2024-04-23 16:48:55.885218,9466.42,wheat
2024-04-24 16:48:55.885218,9545.67,wheat
2024-04-25 16:48:55.885218,9648.87,wheat
2024-04-26 16:48:55.885218,9724.91,wheat
2024-04-27 16:48:55.885218,9758.68,wheat
2024-04-28 16:48:55.885218,9786.15,wheat
2024-04-29 16:48:55.885218,9827.16,wheat
2024-04-30 16:48:55.885218,9860.16,wheat
2024-05-01 16:48:55.885218,9873.97,wheat
2024-05-02 16:48:55.885218,9861.53,wheat
2024-05-03 16:48:55.885218,9863.29,wheat
2024-05-04 16:48:55.885218,9877.71,wheat
2024-05-05 16:48:55.885218,9901.11,wheat
2024-05-06 16:48:55.885218,9925.94,wheat
2024-05-07 16:48:55.885218,9924.39,wheat
2024-05-08 16:48:55.885218,9890.42,wheat
2024-05-09 16:48:55.885218,9870.64,wheat
2024-05-10 16:48:55.885218,9866.8,wheat
2024-05-11 16:48:55.885218,9890.74,wheat
2024-05-12 16:48:55.885218,9896.32,wheat
2024-05-13 16:48:55.885218,9892.35,wheat
2024-05-14 16:48:55.885218,9889.52,wheat
2024-05-15 16:48:55.885218,9866.23,wheat
2024-05-16 16:48:55.885218,9852.14,wheat
2024-05-17 16:48:55.885218,9856.3,wheat
2024-05-18 16:48:55.885218,9890.88,wheat
2024-05-19 16:48:55.885218,9903.01,wheat
2024-05-20 16:48:55.885218,9899.02,wheat
2024-05-21 16:48:55.885218,9881.04,wheat
2024-05-22 16:48:55.885218,9872.23,wheat
2024-05-23 16:48:55.885218,9850.98,wheat
2024-05-24 16:48:55.885218,9828.3,wheat
2024-05-25 16:48:55.885218,9816.57,wheat
2024-05-26 16:48:55.885218,9814.99,wheat
2024-05-27 16:48:55.885218,9835.05,wheat
2024-05-28 16:48:55.885218,9868.9,wheat
2024-05-29 16:48:55.885218,9906.16,wheat
2024-05-30 16:48:55.885218,9907.16,wheat
2024-05-31 16:48:55.885218,9850.82,wheat
2024-06-01 16:48:55.885218,9744.52,wheat
2024-06-02 16:48:55.885218,9623.32,wheat
2024-06-03 16:48:55.885218,9516.31,wheat
2024-06-04 16:48:55.885218,9426.27,wheat
2024-06-05 16:48:55.885218,9358.01,wheat
2024-06-06 16:48:55.885218,9291.51,wheat
2024-06-07 16:48:55.885218,9225.13,wheat
2024-06-08 16:48:55.885218,9149.25,wheat
2024-06-09 16:48:55.885218,9080.25,wheat
2024-06-10 16:48:55.885218,9041.52,wheat
2024-06-11 16:48:55.885218,8980.87,wheat
2024-06-12 16:48:55.885218,8933.25,wheat
2024-06-13 16:48:55.885218,8849.15,wheat
2024-06-14 16:48:55.885218,8783.37,wheat
2024-06-15 16:48:55.885218,8714.88,wheat
2024-06-16 16:48:55.885218,8671.38,wheat
2024-06-17 16:48:55.885218,8622.14,wheat
2024-06-18 16:48:55.885218,8558.61,wheat
2024-06-19 16:48:55.885218,8483.6,wheat
2024-06-20 16:48:55.885218,8434.9,wheat
2024-06-21 16:48:55.885218,8390.7,wheat
2024-06-22 16:48:55.885218,8344.78,wheat
2024-06-23 16:48:55.885218,8283.83,wheat
2024-06-24 16:48:55.885218,8220.77,wheat
2024-06-25 16:48:55.885218,8161.51,wheat
2024-06-26 16:48:55.885218,8109.62,wheat
2024-06-27 16:48:55.885218,8068.22,wheat
2024-06-28 16:48:55.885218,8024.95,wheat
2024-06-29 16:48:55.885218,7973.9,wheat
2024-06-30 16:48:55.885218,7891.29,wheat
2024-07-01 16:48:55.885218,7761.32,wheat
2024-07-02 16:48:55.885218,7594.27,wheat
2024-07-03 16:48:55.885218,7414.79,wheat
2024-07-04 16:48:55.885218,7268.92,wheat
2024-07-05 16:48:55.885218,7132.87,wheat
2024-07-06 16:48:55.885218,7011.61,wheat
2024-07-07 16:48:55.885218,6878.04,wheat
2024-07-08 16:48:55.885218,6755.39,wheat
2024-07-09 16:48:55.885218,6620.12,wheat
2024-07-10 16:48:55.885218,6486.91,wheat
2024-07-11 16:48:55.885218,6350.63,wheat
2024-07-12 16:48:55.885218,6241.89,wheat
2024-07-13 16:48:55.885218,6137.31,wheat
2024-07-14 16:48:55.885218,6043.64,wheat
2024-07-15 16:48:55.885218,5928.06,wheat
2024-07-16 16:48:55.885218,5803.51,wheat
2024-07-17 16:48:55.885218,5679.55,wheat
2024-07-18 16:48:55.885218,5593.06,wheat
2024-07-19 16:48:55.885218,5491.03,wheat
2024-07-20 16:48:55.885218,5385.96,wheat
2024-07-21 16:48:55.885218,5270.65,wheat
2024-07-22 16:48:55.885218,5206.27,wheat
2024-07-23 16:48:55.885218,5158.22,wheat
2024-07-24 16:48:55.885218,5092.18,wheat
2024-07-25 16:48:55.885218,5026.34,wheat
2024-07-26 16:48:55.885218,4930.58,wheat
2024-07-27 16:48:55.885218,4825.85,wheat
2024-07-28 16:48:55.885218,4717.84,wheat
2024-07-29 16:48:55.885218,4621.65,wheat
2024-07-30 16:48:55.885218,4569.77,wheat
2024-07-31 16:48:55.885218,4469.89,wheat
2024-08-01 16:48:55.885218,4333.93,wheat
2024-08-02 16:48:55.885218,4152.25,wheat
2024-08-03 16:48:55.885218,3980.13,wheat
2024-08-04 16:48:55.885218,3828.81,wheat
2024-08-05 16:48:55.885218,3662.9,wheat
2024-08-06 16:48:55.885218,3513.69,wheat
2024-08-07 16:48:55.885218,3347.56,wheat
2024-08-08 16:48:55.885218,3198.75,wheat
2024-08-09 16:48:55.885218,3032.62,wheat
2024-08-10 16:48:55.885218,2884.78,wheat
2024-08-11 16:48:55.885218,2715.66,wheat
2024-08-12 16:48:55.885218,2559.55,wheat
2024-08-13 16:48:55.885218,2431.11,wheat
2024-08-14 16:48:55.885218,2332.12,wheat
2024-08-15 16:48:55.885218,2238.45,wheat
2024-08-16 16:48:55.885218,2125.4,wheat
2024-08-17 16:48:55.885218,2008.93,wheat
2024-08-18 16:48:55.885218,1890.0,wheat
2024-08-19 16:48:55.885218,1766.2,wheat
2024-08-20 16:48:55.885218,1654.08,wheat
2024-08-21 16:48:55.885218,1541.06,wheat
2024-08-22 16:48:55.885218,1413.21,wheat
2024-08-23 16:48:55.885218,1270.69,wheat
2024-08-24 16:48:55.885218,1160.73,wheat
2024-08-25 16:48:55.885218,1109.12,wheat
2024-08-26 16:48:55.885218,1100.0,wheat
2024-08-27 16:48:55.885218,1100.0,wheat
2024-08-28 16:48:55.885218,1100.0,wheat
2024-08-29 16:48:55.885218,1100.0,wheat
2024-08-30 16:48:55.885218,1100.0,wheat
2024-08-31 16:48:55.885218,1100.0,wheat
2024-09-01 16:48:55.885218,1100.0,wheat
2024-09-02 16:48:55.885218,1100.0,wheat
2024-09-03 16:48:55.885218,1100.0,wheat
2024-09-04 16:48:55.885218,1100.0,wheat
2024-09-05 16:48:55.885218,1100.0,wheat
2024-09-06 16:48:55.885218,1100.0,wheat
2024-09-07 16:48:55.885218,1100.0,wheat
2024-09-08 16:48:55.885218,1100.0,wheat
2024-09-09 16:48:55.885218,1100.0,wheat
2024-09-10 16:48:55.885218,1100.0,wheat
2024-09-11 16:48:55.885218,1100.0,wheat
2024-09-12 16:48:55.885218,1100.0,wheat
2024-09-13 16:48:55.885218,1100.0,wheat
2024-09-14 16:48:55.885218,1100.0,wheat
2024-09-15 16:48:55.885218,1100.0,wheat
2024-09-16 16:48:55.885218,1100.0,wheat
2024-09-17 16:48:55.885218,1100.0,wheat
2024-09-18 16:48:55.885218,1100.0,wheat
2024-09-19 16:48:55.885218,1100.0,wheat
2024-09-20 16:48:55.885218,1100.0,wheat
2024-09-21 16:48:55.885218,1100.0,wheat
2024-09-22 16:48:55.885218,1100.0,wheat
2024-09-23 16:48:55.885218,1100.0,wheat
2024-09-24 16:48:55.885218,1100.0,wheat
2024-09-25 16:48:55.885218,1100.0,wheat
2024-09-26 16:48:55.885218,1100.0,wheat
2024-09-27 16:48:55.885218,1100.0,wheat
2024-09-28 16:48:55.885218,1100.0,wheat
2024-09-29 16:48:55.885218,1100.0,wheat
2024-09-30 16:48:55.885218,1100.0,wheat
2024-10-01 16:48:55.885218,1100.0,wheat
2024-10-02 16:48:55.885218,1100.0,wheat
2024-10-03 16:48:55.885218,1100.0,wheat
2024-10-04 16:48:55.885218,1100.0,wheat
2024-10-05 16:48:55.885218,1100.0,wheat
2024-10-06 16:48:55.885218,1100.0,wheat
2024-10-07 16:48:55.885218,1100.0,wheat
2024-10-08 16:48:55.885218,1100.0,wheat
2024-10-09 16:48:55.885218,1100.0,wheat
2024-10-10 16:48:55.885218,1100.0,wheat
2024-10-11 16:48:55.885218,1100.0,wheat
2024-10-12 16:48:55.885218,1100.0,wheat
2024-10-13 16:48:55.885218,1100.0,wheat
2024-10-14 16:48:55.885218,1100.0,wheat
2024-10-15 16:48:55.885218,1100.0,wheat
2024-10-16 16:48:55.885218,1100.0,wheat
2024-10-17 16:48:55.885218,1100.0,wheat
2024-10-18 16:48:55.885218,1100.0,wheat
2024-10-19 16:48:55.885218,1100.0,wheat
2024-10-20 16:48:55.885218,1100.0,wheat
2024-10-21 16:48:55.885218,1100.0,wheat
2024-10-22 16:48:55.885218,1100.0,wheat
2024-10-23 16:48:55.885218,1100.0,wheat
2024-10-24 16:48:55.885218,1100.0,wheat
2024-10-25 16:48:55.885218,1100.0,wheat
2024-10-26 16:48:55.885218,1100.0,wheat
2024-10-27 16:48:55.885218,1100.0,wheat
2024-10-28 16:48:55.885218,1100.0,wheat
2024-10-29 16:48:55.885218,1100.0,wheat
2024-10-30 16:48:55.885218,1100.0,wheat
2024-10-31 16:48:55.885218,1100.0,wheat
2024-11-01 16:48:55.885218,1100.0,wheat
2024-11-02 16:48:55.885218,1100.0,wheat
2024-11-03 16:48:55.885218,1100.0,wheat
2024-11-04 16:48:55.885218,1100.0,wheat
2024-11-05 16:48:55.885218,1100.0,wheat
2024-11-06 16:48:55.885218,1100.0,wheat
2024-11-07 16:48:55.885218,1100.0,wheat
2024-11-08 16:48:55.885218,1100.0,wheat
2024-11-09 16:48:55.885218,1100.0,wheat
2024-11-10 16:48:55.885218,1100.0,wheat
2024-11-11 16:48:55.885218,1100.0,wheat
2024-11-12 16:48:55.885218,1100.0,wheat
2024-11-13 16:48:55.885218,1100.0,wheat
2024-11-14 16:48:55.885218,1100.0,wheat
2024-11-15 16:48:55.885218,1100.0,wheat
2024-11-16 16:48:55.885218,1100.0,wheat
2024-11-17 16:48:55.885218,1100.0,wheat
2024-11-18 16:48:55.885218,1100.0,wheat
2024-11-19 16:48:55.885218,1100.0,wheat
2024-11-20 16:48:55.885218,1100.0,wheat
2024-11-21 16:48:55.885218,1100.0,wheat
2024-11-22 16:48:55.885218,1100.0,wheat
2024-11-23 16:48:55.885218,1100.0,wheat
2024-11-24 16:48:55.885218,1100.0,wheat
2024-11-25 16:48:55.885218,1100.0,wheat
2024-11-26 16:48:55.885218,1100.0,wheat
2024-11-27 16:48:55.885218,1100.0,wheat
2024-11-28 16:48:55.885218,1100.0,wheat
2024-11-29 16:48:55.885218,1100.0,wheat
2024-11-30 16:48:55.885218,1100.0,wheat
2024-12-01 16:48:55.885218,1100.0,wheat
2024-12-02 16:48:55.885218,1100.0,wheat
2024-12-03 16:48:55.885218,1100.0,wheat
2024-12-04 16:48:55.885218,1100.0,wheat
2024-12-05 16:48:55.885218,1100.0,wheat
2024-12-06 16:48:55.885218,1100.0,wheat
2024-12-07 16:48:55.885218,1100.0,wheat
2024-12-08 16:48:55.885218,1100.0,wheat
2024-12-09 16:48:55.885218,1100.0,wheat
2024-12-10 16:48:55.885218,1100.0,wheat
2024-12-11 16:48:55.885218,1100.0,wheat
2024-12-12 16:48:55.885218,1100.0,wheat
2024-12-13 16:48:55.885218,1100.0,wheat
2024-12-14 16:48:55.885218,1100.0,wheat
2024-12-15 16:48:55.885218,1100.0,wheat
2024-12-16 16:48:55.885218,1100.0,wheat
2024-12-17 16:48:55.885218,1100.0,wheat
2024-12-18 16:48:55.885218,1100.0,wheat
2024-12-19 16:48:55.885218,1100.0,wheat
2024-12-20 16:48:55.885218,1100.0,wheat
2024-12-21 16:48:55.885218,1100.0,wheat
2024-12-22 16:48:55.885218,1100.0,wheat
2024-12-23 16:48:55.885218,1100.0,wheat
2024-12-24 16:48:55.885218,1100.0,wheat
2024-12-25 16:48:55.885218,1100.0,wheat
2024-12-26 16:48:55.885218,1100.0,wheat
2024-12-27 16:48:55.885218,1100.0,wheat
2024-12-28 16:48:55.885218,1100.0,wheat
2024-12-29 16:48:55.885218,1100.0,wheat
2024-12-30 16:48:55.885218,1100.0,wheat
2024-12-31 16:48:55.885218,1115.38,wheat
2025-01-01 16:48:55.885218,1151.09,wheat
2025-01-02 16:48:55.885218,1219.51,wheat
2025-01-03 16:48:55.885218,1287.56,wheat
2025-01-04 16:48:55.885218,1345.19,wheat
2025-01-05 16:48:55.885218,1389.61,wheat
2025-01-06 16:48:55.885218,1424.87,wheat
2025-01-07 16:48:55.885218,1449.58,wheat
2025-01-08 16:48:55.885218,1457.54,wheat
2025-01-09 16:48:55.885218,1466.58,wheat
2025-01-10 16:48:55.885218,1496.1,wheat
2025-01-11 16:48:55.885218,1533.63,wheat
2025-01-12 16:48:55.885218,1570.95,wheat
2025-01-13 16:48:55.885218,1593.04,wheat
2025-01-14 16:48:55.885218,1632.24,wheat
2025-01-15 16:48:55.885218,1678.66,wheat
2025-01-16 16:48:55.885218,1716.04,wheat
2025-01-17 16:48:55.885218,1753.44,wheat
2025-01-18 16:48:55.885218,1773.14,wheat
2025-01-19 16:48:55.885218,1804.06,wheat
2025-01-20 16:48:55.885218,1815.7,wheat
2025-01-21 16:48:55.885218,1848.9,wheat
2025-01-22 16:48:55.885218,1895.32,wheat
2025-01-23 16:48:55.885218,1940.9,wheat
2025-01-24 16:48:55.885218,1976.74,wheat
2025-01-25 16:48:55.885218,2001.3,wheat
2025-01-26 16:48:55.885218,2012.19,wheat
2025-01-27 16:48:55.885218,2009.16,wheat
2025-01-28 16:48:55.885218,2005.72,wheat
2025-01-29 16:48:55.885218,2003.09,wheat
2025-01-30 16:48:55.885218,2024.71,wheat
2025-01-31 16:48:55.885218,2073.01,wheat
2025-02-01 16:48:55.885218,2161.33,wheat
2025-02-02 16:48:55.885218,2279.14,wheat
2025-02-03 16:48:55.885218,2392.56,wheat
2025-02-04 16:48:55.885218,2524.12,wheat
2025-02-05 16:48:55.885218,2656.1,wheat
2025-02-06 16:48:55.885218,2796.57,wheat
2025-02-07 16:48:55.885218,2922.39,wheat
2025-02-08 16:48:55.885218,3039.96,wheat
2025-02-09 16:48:55.885218,3155.18,wheat
2025-02-10 16:48:55.885218,3277.59,wheat
2025-02-11 16:48:55.885218,3413.35,wheat
2025-02-12 16:48:55.885218,3548.82,wheat
2025-02-13 16:48:55.885218,3653.66,wheat
2025-02-14 16:48:55.885218,3731.92,wheat
2025-02-15 16:48:55.885218,3809.96,wheat
2025-02-16 16:48:55.885218,3912.85,wheat
2025-02-17 16:48:55.885218,4005.15,wheat
2025-02-18 16:48:55.885218,4082.02,wheat
2025-02-19 16:48:55.885218,4131.74,wheat
2025-02-20 16:48:55.885218,4198.83,wheat
2025-02-21 16:48:55.885218,4257.07,wheat
2025-02-22 16:48:55.885218,4329.85,wheat
2025-02-23 16:48:55.885218,4395.26,wheat
2025-02-24 16:48:55.885218,4465.36,wheat
2025-02-25 16:48:55.885218,4544.19,wheat
2025-02-26 16:48:55.885218,4616.12,wheat
2025-02-27 16:48:55.885218,4718.87,wheat
2025-02-28 16:48:55.885218,4852.99,wheat
2025-03-01 16:48:55.885218,5025.4,wheat
2025-03-02 16:48:55.885218,5203.74,wheat
2025-03-03 16:48:55.885218,5359.47,wheat
2025-03-04 16:48:55.885218,5497.84,wheat
2025-03-05 16:48:55.885218,5614.48,wheat
2025-03-06 16:48:55.885218,5730.44,wheat
2025-03-07 16:48:55.885218,5854.53,wheat
2025-03-08 16:48:55.885218,5997.48,wheat
2025-03-09 16:48:55.885218,6133.02,wheat
2025-03-10 16:48:55.885218,6249.57,wheat
2025-03-11 16:48:55.885218,6349.41,wheat
2025-03-12 16:48:55.885218,6462.97,wheat
2025-03-13 16:48:55.885218,6597.68,wheat
2025-03-14 16:48:55.885218,6742.48,wheat
2025-03-15 16:48:55.885218,6867.64,wheat
2025-03-16 16:48:55.885218,6986.97,wheat
2025-03-17 16:48:55.885218,7087.63,wheat
2025-03-18 16:48:55.885218,7176.06,wheat
2025-03-19 16:48:55.885218,7251.85,wheat
2025-03-20 16:48:55.885218,7342.47,wheat
2025-03-21 16:48:55.885218,7455.87,wheat
2025-03-22 16:48:55.885218,7561.0,wheat
2025-03-23 16:48:55.885218,7660.09,wheat
2025-03-24 16:48:55.885218,7735.22,wheat
2025-03-25 16:48:55.885218,7798.73,wheat
2025-03-26 16:48:55.885218,7848.81,wheat
2025-03-27 16:48:55.885218,7913.06,wheat
2025-03-28 16:48:55.885218,7976.98,wheat
2025-03-29 16:48:55.885218,8028.81,wheat
2025-03-30 16:48:55.885218,8075.04,wheat
2025-03-31 16:48:55.885218,8129.85,wheat
2025-04-01 16:48:55.885218,8211.12,wheat
2025-04-02 16:48:55.885218,8294.73,wheat
2025-04-03 16:48:55.885218,8403.61,wheat
2025-04-04 16:48:55.885218,8515.61,wheat
2025-04-05 16:48:55.885218,8615.48,wheat
2025-04-06 16:48:55.885218,8721.47,wheat
2025-04-07 16:48:55.885218,8834.96,wheat
2025-04-08 16:48:55.885218,8963.21,wheat
2025-04-09 16:48:55.885218,9085.48,wheat
2025-04-10 16:48:55.885218,9182.47,wheat
2025-04-11 16:48:55.885218,9276.5,wheat
2025-04-12 16:48:55.885218,9351.16,wheat
2025-04-13 16:48:55.885218,9429.21,wheat
2025-04-14 16:48:55.885218,9488.16,wheat
2025-04-15 16:48:55.885218,9523.32,wheat
2025-04-16 16:48:55.885218,9552.51,wheat
2025-04-17 16:48:55.885218,9606.02,wheat
2025-04-18 16:48:55.885218,9664.74,wheat
2025-04-19 16:48:55.885218,9704.84,wheat
2025-04-20 16:48:55.885218,9698.98,wheat
2025-04-21 16:48:55.885218,9712.33,wheat
2025-04-22 16:48:55.885218,9745.41,wheat
2025-04-23 16:48:55.885218,9801.7,wheat
2025-04-24 16:48:55.885218,9848.9,wheat
2025-04-25 16:48:55.885218,9886.61,wheat
2025-04-26 16:48:55.885218,9938.73,wheat
2025-04-27 16:48:55.885218,9989.11,wheat
2025-04-28 16:48:55.885218,10046.34,wheat
2025-04-29 16:48:55.885218,10080.28,wheat
2025-04-30 16:48:55.885218,10103.83,wheat
2025-05-01 16:48:55.885218,10111.47,wheat
2025-05-02 16:48:55.885218,10112.24,wheat
2025-05-03 16:48:55.885218,10103.4,wheat
2025-05-04 16:48:55.885218,10087.37,wheat
2025-05-05 16:48:55.885218,10067.59,wheat
2025-05-06 16:48:55.885218,10045.21,wheat
2025-05-07 16:48:55.885218,10030.98,wheat
2025-05-08 16:48:55.885218,10023.31,wheat
2025-05-09 16:48:55.885218,10023.45,wheat
2025-05-10 16:48:55.885218,10019.55,wheat
2025-05-11 16:48:55.885218,10048.87,wheat
2025-05-12 16:48:55.885218,10060.01,wheat
2025-05-13 16:48:55.885218,10065.95,wheat
2025-05-14 16:48:55.885218,10045.29,wheat
2025-05-15 16:48:55.885218,10041.66,wheat
2025-05-16 16:48:55.885218,10044.45,wheat
2025-05-17 16:48:55.885218,10039.79,wheat
2025-05-18 16:48:55.885218,10029.43,wheat
2025-05-19 16:48:55.885218,10020.96,wheat
2025-05-20 16:48:55.885218,10023.82,wheat
2025-05-21 16:48:55.885218,10040.67,wheat
2025-05-22 16:48:55.885218,10054.22,wheat
2025-05-23 16:48:55.885218,10071.86,wheat
2025-05-24 16:48:55.885218,10066.71,wheat
2025-05-25 16:48:55.885218,10055.45,wheat
2025-05-26 16:48:55.885218,10035.47,wheat
2025-05-27 16:48:55.885218,10020.12,wheat
2025-05-28 16:48:55.885218,10028.74,wheat
2025-05-29 16:48:55.885218,10025.64,wheat
2025-05-30 16:48:55.885218,10047.6,wheat
2025-05-31 16:48:55.885218,10037.34,wheat
2025-06-01 16:48:55.885218,9991.61,wheat
2025-06-02 16:48:55.885218,9920.57,wheat
2025-06-03 16:48:55.885218,9827.91,wheat
2025-06-04 16:48:55.885218,9751.55,wheat
2025-06-05 16:48:55.885218,9663.59,wheat
2025-06-06 16:48:55.885218,9604.01,wheat
2025-06-07 16:48:55.885218,9554.5,wheat
2025-06-08 16:48:55.885218,9496.46,wheat
2025-06-09 16:48:55.885218,9446.12,wheat
2025-06-10 16:48:55.885218,9381.19,wheat
2025-06-11 16:48:55.885218,9326.67,wheat
2025-06-12 16:48:55.885218,9276.28,wheat
2025-06-13 16:48:55.885218,9228.03,wheat
2025-06-14 16:48:55.885218,9179.3,wheat
2025-06-15 16:48:55.885218,9118.45,wheat
2025-06-16 16:48:55.885218,9053.2,wheat
2025-06-17 16:48:55.885218,8996.75,wheat
2025-06-18 16:48:55.885218,8914.67,wheat
2025-06-19 16:48:55.885218,8829.16,wheat
2025-06-20 16:48:55.885218,8726.24,wheat
2025-06-21 16:48:55.885218,8641.59,wheat
2025-06-22 16:48:55.885218,8588.24,wheat
2025-06-23 16:48:55.885218,8551.38,wheat
2025-06-24 16:48:55.885218,8523.53,wheat
2025-06-25 16:48:55.885218,8469.08,wheat
2025-06-26 16:48:55.885218,8429.75,wheat
2025-06-27 16:48:55.885218,8398.1,wheat
2025-06-28 16:48:55.885218,8394.54,wheat
2025-06-29 16:48:55.885218,8368.64,wheat
2025-06-30 16:48:55.885218,8264.74,wheat
2025-07-01 16:48:55.885218,8100.57,wheat
2025-07-02 16:48:55.885218,7894.29,wheat
2025-07-03 16:48:55.885218,7734.96,wheat
2025-07-04 16:48:55.885218,7571.75,wheat
2025-07-05 16:48:55.885218,7426.77,wheat
2025-07-06 16:48:55.885218,7298.73,wheat
2025-07-07 16:48:55.885218,7195.26,wheat
2025-07-08 16:48:55.885218,7105.54,wheat
2025-07-09 16:48:55.885218,6977.15,wheat
2025-07-10 16:48:55.885218,6851.19,wheat
2025-07-11 16:48:55.885218,6698.31,wheat
2025-07-12 16:48:55.885218,6576.94,wheat
2025-07-13 16:48:55.885218,6447.72,wheat
2025-07-14 16:48:55.885218,6323.7,wheat
2025-07-15 16:48:55.885218,6168.86,wheat
2025-07-16 16:48:55.885218,6021.57,wheat
2025-07-17 16:48:55.885218,5880.06,wheat
2025-07-18 16:48:55.885218,5748.24,wheat
2025-07-19 16:48:55.885218,5629.77,wheat
2025-07-20 16:48:55.885218,5538.54,wheat
2025-07-21 16:48:55.885218,5474.57,wheat
2025-07-22 16:48:55.885218,5428.77,wheat
2025-07-23 16:48:55.885218,5364.91,wheat
2025-07-24 16:48:55.885218,5304.65,wheat
2025-07-25 16:48:55.885218,5218.28,wheat
2025-07-26 16:48:55.885218,5144.9,wheat
2025-07-27 16:48:55.885218,5063.69,wheat
2025-07-28 16:48:55.885218,5002.23,wheat
2025-07-29 16:48:55.885218,4916.89,wheat
2025-07-30 16:48:55.885218,4840.89,wheat
2025-07-31 16:48:55.885218,4731.0,wheat
2025-08-01 16:48:55.885218,4617.74,wheat
2025-08-02 16:48:55.885218,4440.12,wheat
2025-08-03 16:48:55.885218,4255.59,wheat
2025-08-04 16:48:55.885218,4063.44,wheat
2025-08-05 16:48:55.885218,3908.47,wheat
2025-08-06 16:48:55.885218,3756.73,wheat
2025-08-07 16:48:55.885218,3619.45,wheat
2025-08-08 16:48:55.885218,3468.36,wheat
2025-08-09 16:48:55.885218,3318.69,wheat
2025-08-10 16:48:55.885218,3164.6,wheat
2025-08-11 16:48:55.885218,3014.16,wheat
2025-08-12 16:48:55.885218,2858.99,wheat
2025-08-13 16:48:55.885218,2710.17,wheat
2025-08-14 16:48:55.885218,2553.95,wheat
2025-08-15 16:48:55.885218,2407.02,wheat
2025-08-16 16:48:55.885218,2272.27,wheat
2025-08-17 16:48:55.885218,2152.46,wheat
2025-08-18 16:48:55.885218,2024.47,wheat
2025-08-19 16:48:55.885218,1894.0,wheat
2025-08-20 16:48:55.885218,1759.66,wheat
2025-08-21 16:48:55.885218,1639.63,wheat
2025-08-22 16:48:55.885218,1510.71,wheat
2025-08-23 16:48:55.885218,1388.82,wheat
2025-08-24 16:48:55.885218,1252.58,wheat
2025-08-25 16:48:55.885218,1157.15,wheat
2025-08-26 16:48:55.885218,1100.0,wheat
2025-08-27 16:48:55.885218,1100.0,wheat
2025-08-28 16:48:55.885218,1100.0,wheat
2025-08-29 16:48:55.885218,1100.0,wheat
2025-08-30 16:48:55.885218,1100.0,wheat
2025-08-31 16:48:55.885218,1100.0,wheat
2025-09-01 16:48:55.885218,1100.0,wheat
2025-09-02 16:48:55.885218,1100.0,wheat
2025-09-03 16:48:55.885218,1100.0,wheat
2025-09-04 16:48:55.885218,1100.0,wheat
2025-09-05 16:48:55.885218,1100.0,wheat
2025-09-06 16:48:55.885218,1100.0,wheat
2025-09-07 16:48:55.885218,1100.0,wheat
2025-09-08 16:48:55.885218,1100.0,wheat
2025-09-09 16:48:55.885218,1100.0,wheat
2025-09-10 16:48:55.885218,1100.0,wheat
2025-09-11 16:48:55.885218,1100.0,wheat
2025-09-12 16:48:55.885218,1100.0,wheat
2025-09-13 16:48:55.885218,1100.0,wheat
2025-09-14 16:48:55.885218,1100.0,wheat
2025-09-15 16:48:55.885218,1100.0,wheat
2025-09-16 16:48:55.885218,1100.0,wheat
2025-09-17 16:48:55.885218,1100.0,wheat
2025-09-18 16:48:55.885218,1100.0,wheat
2025-09-19 16:48:55.885218,1100.0,wheat
2025-09-20 16:48:55.885218,1100.0,wheat
2025-09-21 16:48:55.885218,1100.0,wheat
2025-09-22 16:48:55.885218,1100.0,wheat
2025-09-23 16:48:55.885218,1100.0,wheat
2025-09-24 16:48:55.885218,1100.0,wheat
2025-09-25 16:48:55.885218,1100.0,wheat
2025-09-26 16:48:55.885218,1100.0,wheat
2025-09-27 16:48:55.885218,1100.0,wheat
2025-09-28 16:48:55.885218,1100.0,wheat
2025-09-29 16:48:55.885218,1100.0,wheat
2025-09-30 16:48:55.885218,1100.0,wheat
2025-10-01 16:48:55.885218,1100.0,wheat
2025-10-02 16:48:55.885218,1100.0,wheat
2025-10-03 16:48:55.885218,1100.0,wheat
2025-10-04 16:48:55.885218,1100.0,wheat
2025-10-05 16:48:55.885218,1100.0,wheat
2025-10-06 16:48:55.885218,1100.0,wheat
2025-10-07 16:48:55.885218,1100.0,wheat
2025-10-08 16:48:55.885218,1100.0,wheat
2025-10-09 16:48:55.885218,1100.0,wheat
2025-10-10 16:48:55.885218,1100.0,wheat
2025-10-11 16:48:55.885218,1100.0,wheat
2025-10-12 16:48:55.885218,1100.0,wheat
2025-10-13 16:48:55.885218,1100.0,wheat
2025-10-14 16:48:55.885218,1100.0,wheat
2025-10-15 16:48:55.885218,1100.0,wheat
2025-10-16 16:48:55.885218,1100.0,wheat
2025-10-17 16:48:55.885218,1100.0,wheat
2025-10-18 16:48:55.885218,1100.0,wheat
2025-10-19 16:48:55.885218,1100.0,wheat
2025-10-20 16:48:55.885218,1100.0,wheat
2025-10-21 16:48:55.885218,1100.0,wheat
2025-10-22 16:48:55.885218,1100.0,wheat
2025-10-23 16:48:55.885218,1100.0,wheat
2025-10-24 16:48:55.885218,1100.0,wheat
2025-10-25 16:48:55.885218,1100.0,wheat
2025-10-26 16:48:55.885218,1100.0,wheat
2025-10-27 16:48:55.885218,1100.0,wheat
2025-10-28 16:48:55.885218,1100.0,wheat
2025-10-29 16:48:55.885218,1100.0,wheat
2025-10-30 16:48:55.885218,1100.0,wheat
2025-10-31 16:48:55.885218,1100.0,wheat
2025-11-01 16:48:55.885218,1100.0,wheat
2025-11-02 16:48:55.885218,1100.0,wheat
2025-11-03 16:48:55.885218,1100.0,wheat
2025-11-04 16:48:55.885218,1100.0,wheat
2025-11-05 16:48:55.885218,1100.0,wheat
2025-11-06 16:48:55.885218,1100.0,wheat
2025-11-07 16:48:55.885218,1100.0,wheat
2025-11-08 16:48:55.885218,1100.0,wheat
2025-11-09 16:48:55.885218,1100.0,wheat
2025-11-10 16:48:55.885218,1100.0,wheat
2025-11-11 16:48:55.885218,1100.0,wheat
2025-11-12 16:48:55.885218,1100.0,wheat
2025-11-13 16:48:55.885218,1100.0,wheat
2025-11-14 16:48:55.885218,1100.0,wheat
2025-11-15 16:48:55.885218,1100.0,wheat
2025-11-16 16:48:55.885218,1100.0,wheat
2025-11-17 16:48:55.885218,1100.0,wheat
2025-11-18 16:48:55.885218,1100.0,wheat
2025-11-19 16:48:55.885218,1100.0,wheat
2025-11-20 16:48:55.885218,1100.0,wheat
2025-11-21 16:48:55.885218,1100.0,wheat
2025-11-22 16:48:55.885218,1100.0,wheat
2025-11-23 16:48:55.885218,1100.0,wheat
2025-11-24 16:48:55.885218,1100.0,wheat
2025-11-25 16:48:55.885218,1100.0,wheat
2025-11-26 16:48:55.885218,1100.0,wheat
2025-11-27 16:48:55.885218,1100.0,wheat
2025-11-28 16:48:55.885218,1100.0,wheat
2025-11-29 16:48:55.885218,1100.0,wheat
2025-11-30 16:48:55.885218,1100.0,wheat
2025-12-01 16:48:55.885218,1100.0,wheat
2025-12-02 16:48:55.885218,1100.0,wheat
2025-12-03 16:48:55.885218,1100.0,wheat
2025-12-04 16:48:55.885218,1100.0,wheat
2025-12-05 16:48:55.885218,1100.0,wheat
2025-12-06 16:48:55.885218,1100.0,wheat
2025-12-07 16:48:55.885218,1100.57,wheat
2025-12-08 16:48:55.885218,1100.57,wheat
2025-12-09 16:48:55.885218,1100.57,wheat
2025-12-10 16:48:55.885218,1100.0,wheat
2025-12-11 16:48:55.885218,1100.0,wheat
2025-12-12 16:48:55.885218,1100.0,wheat
2025-12-13 16:48:55.885218,1100.0,wheat
2025-12-14 16:48:55.885218,1100.0,wheat
2025-12-15 16:48:55.885218,1100.0,wheat
2025-12-16 16:48:55.885218,1100.0,wheat
2025-12-17 16:48:55.885218,1100.0,wheat
2025-12-18 16:48:55.885218,1100.0,wheat
2025-12-19 16:48:55.885218,1100.0,wheat
2025-12-20 16:48:55.885218,1100.0,wheat
2025-12-21 16:48:55.885218,1100.0,wheat
2025-12-22 16:48:55.885218,1100.0,wheat
2025-12-23 16:48:55.885218,1100.0,wheat
2025-12-24 16:48:55.885218,1100.0,wheat
2025-12-25 16:48:55.885218,1100.0,wheat
2025-12-26 16:48:55.885218,1100.0,wheat
2025-12-27 16:48:55.885218,1100.0,wheat
2025-12-28 16:48:55.885218,1100.0,wheat
2025-12-29 16:48:55.885218,1100.0,wheat
2025-12-30 16:48:55.885218,1100.0,wheat
2025-12-31 16:48:55.885218,1118.79,wheat
2026-01-01 16:48:55.885218,1144.0,wheat
2026-01-02 16:48:55.885218,1179.71,wheat
2026-01-03 16:48:55.885218,1220.2,wheat
2026-01-04 16:48:55.885218,1266.26,wheat
2026-01-05 16:48:55.885218,1291.02,wheat
2026-01-06 16:48:55.885218,1327.07,wheat
2026-01-07 16:48:55.885218,1355.67,wheat
2026-01-08 16:48:55.885218,1399.81,wheat
2026-01-09 16:48:55.885218,1406.38,wheat
2026-01-10 16:48:55.885218,1413.85,wheat
2026-01-11 16:48:55.885218,1434.22,wheat
2026-01-12 16:48:55.885218,1479.98,wheat
2026-01-13 16:48:55.885218,1538.0,wheat
2026-01-14 16:48:55.885218,1592.87,wheat
2026-01-15 16:48:55.885218,1631.17,wheat
2026-01-16 16:48:55.885218,1645.9,wheat
2026-01-17 16:48:55.885218,1631.0,wheat
2026-01-18 16:48:55.885218,1627.3,wheat
2026-01-19 16:48:55.885218,1637.35,wheat
2026-01-20 16:48:55.885218,1700.82,wheat
2026-01-21 16:48:55.885218,1748.59,wheat
2026-01-22 16:48:55.885218,1796.72,wheat
2026-01-23 16:48:55.885218,1809.47,wheat
2026-01-24 16:48:55.885218,1818.74,wheat
2026-01-25 16:48:55.885218,1835.97,wheat
2026-01-26 16:48:55.885218,1873.3,wheat
2026-01-27 16:48:55.885218,1917.37,wheat
2026-01-28 16:48:55.885218,1949.87,wheat
2026-01-29 16:48:55.885218,1952.49,wheat
2026-01-30 16:48:55.885218,1961.64,wheat
2026-01-31 16:48:55.885218,2020.65,wheat
2026-02-01 16:48:55.885218,2120.19,wheat
2026-02-02 16:48:55.885218,2255.43,wheat
2026-02-03 16:48:55.885218,2363.93,wheat
2026-02-04 16:48:55.885218,2494.04,wheat
2026-02-05 16:48:55.885218,2632.77,wheat
2026-02-06 16:48:55.885218,2775.9,wheat
2026-02-07 16:48:55.885218,2912.96,wheat
2026-02-08 16:48:55.885218,3021.82,wheat
2026-02-09 16:48:55.885218,3139.16,wheat
2026-02-10 16:48:55.885218,3238.21,wheat
2026-02-11 16:48:55.885218,3365.99,wheat
2026-02-12 16:48:55.885218,3472.72,wheat
2026-02-13 16:48:55.885218,3591.35,wheat
2026-02-14 16:48:55.885218,3678.24,wheat
2026-02-15 16:48:55.885218,3768.97,wheat
2026-02-16 16:48:55.885218,3864.31,wheat
2026-02-17 16:48:55.885218,3967.9,wheat
2026-02-18 16:48:55.885218,4070.96,wheat
2026-02-19 16:48:55.885218,4177.54,wheat
2026-02-20 16:48:55.885218,4278.63,wheat
2026-02-21 16:48:55.885218,4384.01,wheat
2026-02-22 16:48:55.885218,4454.77,wheat
2026-02-23 16:48:55.885218,4529.65,wheat
2026-02-24 16:48:55.885218,4600.87,wheat
2026-02-25 16:48:55.885218,4673.34,wheat
2026-02-26 16:48:55.885218,4764.86,wheat
2026-02-27 16:48:55.885218,4855.12,wheat
2026-02-28 16:48:55.885218,4964.22,wheat
2026-03-01 16:48:55.885218,5092.23,wheat
2026-03-02 16:48:55.885218,5235.04,wheat
2026-03-03 16:48:55.885218,5390.6,wheat
2026-03-04 16:48:55.885218,5521.98,wheat
2026-03-05 16:48:55.885218,5669.31,wheat
2026-03-06 16:48:55.885218,5821.67,wheat
2026-03-07 16:48:55.885218,5960.04,wheat
2026-03-08 16:48:55.885218,6101.88,wheat
2026-03-09 16:48:55.885218,6224.4,wheat
2026-03-10 16:48:55.885218,6351.9,wheat
2026-03-11 16:48:55.885218,6466.82,wheat
2026-03-12 16:48:55.885218,6567.69,wheat
2026-03-13 16:48:55.885218,6659.73,wheat
2026-03-14 16:48:55.885218,6732.76,wheat
2026-03-15 16:48:55.885218,6843.13,wheat
2026-03-16 16:48:55.885218,6950.79,wheat
2026-03-17 16:48:55.885218,7078.59,wheat
2026-03-18 16:48:55.885218,7175.12,wheat
2026-03-19 16:48:55.885218,7268.93,wheat
2026-03-20 16:48:55.885218,7340.45,wheat
2026-03-21 16:48:55.885218,7400.51,wheat
2026-03-22 16:48:55.885218,7461.05,wheat
2026-03-23 16:48:55.885218,7513.21,wheat
2026-03-24 16:48:55.885218,7583.53,wheat
2026-03-25 16:48:55.885218,7643.19,wheat
2026-03-26 16:48:55.885218,7725.1,wheat
2026-03-27 16:48:55.885218,7800.57,wheat
2026-03-28 16:48:55.885218,7897.79,wheat
2026-03-29 16:48:55.885218,7973.64,wheat
2026-03-30 16:48:55.885218,8032.18,wheat
2026-03-31 16:48:55.885218,8083.14,wheat
2026-04-01 16:48:55.885218,8156.13,wheat
2026-04-02 16:48:55.885218,8252.31,wheat
2026-04-03 16:48:55.885218,8370.27,wheat
2026-04-04 16:48:55.885218,8481.67,wheat
2026-04-05 16:48:55.885218,8590.86,wheat
2026-04-06 16:48:55.885218,8668.14,wheat
2026-04-07 16:48:55.885218,8745.48,wheat
2026-04-08 16:48:55.885218,8814.15,wheat
2026-04-09 16:48:55.885218,8899.54,wheat
2026-04-10 16:48:55.885218,8971.28,wheat
2026-04-11 16:48:55.885218,6008.22,wheat
